Word,Count
aa,19
abandon,19
abated,19
abdominal,19
abit,19
abnormal,19
abnormally,19
abraham,19
abrasions,19
abruptly,19
absence,19
absolete,19
absorb,19
absorbing,19
absorbs,19
abuilt,19
abused,19
abysmal,19
abysmally,19
abyss,19
ac,19
academic,19
accelerator,19
accents,19
accept,4
accepts,19
accesible,19
accessed,19
accessible,19
accidentally,19
accidently,19
accommodatemy,19
accommodates,19
accommodating,19
accomodates,19
accomodating,19
accompanied,19
accomplished,19
accomplishment,19
accord,19
accordingly,19
accumulate,19
accumulation,19
accuracy,19
accurately,19
accustom,19
achieve,19
achieving,19
acknowledged,19
acquainted,19
acrid,19
acs,19
act,1
actaully,19
acted,19
actionsall,19
activated,19
activating,19
activation,19
active,19
actively,19
activity,19
actuator,19
acutally,19
ada,19
adaptable,19
adavance,19
addendum,19
addicted,19
adding,1
additions,19
additonal,19
addressed,19
addresses,19
adds,1
addvice,19
ademas,19
adentro,19
adept,19
adequate,2
adhere,19
adhesive,19
adicional,19
adjustable,1
adjusting,1
adjustment,1
adjusts,19
admirably,19
admitted,19
adorable,19
adults,2
advance,19
advantage,19
advantages,19
adventure,19
adversarial,19
adverse,19
advertencias,19
advertises,19
advice,1
advise,1
advises,19
advocacy,19
aerospace,19
aesthetically,1
affecting,19
affects,19
affiliated,19
affiliation,19
affirm,19
affixed,19
affixing,19
afford,19
affordable,19
affordably,19
aforementioned,19
afternoon,19
afull,19
againgetting,19
againi,19
aged,19
agency,19
agent,19
aggravation,19
aggressive,19
agh,19
aghast,19
agian,19
aging,19
agrado,19
agreed,19
agreeing,19
ah,19
ahold,19
ahora,19
aide,19
aids,19
aiming,19
aircraft,19
airdrying,19
aired,19
airflow,19
airfrying,19
airfrys,19
al,19
alarmed,19
alarming,19
alas,19
albeit,19
albiet,19
alerted,19
alerting,19
alfredo,19
algo,19
algunas,19
alike,19
alimentos,19
alimientos,19
alisaof,19
alittle,19
alive,19
alleged,19
alleging,19
alleviated,19
allid,19
allimportant,19
allll,19
aloha,19
alongside,19
alter,19
alternates,19
alternating,19
alternative,19
alternatives,19
altogether,19
alumimum,19
amana,5
amazed,19
amazin,19
amazingly,19
amazong,19
ambient,19
amend,19
amends,19
amongst,19
amounted,19
amounting,19
amountthanking,19
amout,19
amperage,19
ample,19
amplio,19
amused,19
amz,19
analyzer,19
anchored,19
ancient,19
android,19
ands,19
anemic,19
anger,19
angled,19
animals,19
anniversary,19
annoy,19
annoyances,19
annoyingly,19
annoys,19
annunciator,19
anomaly,19
ans,19
anthony,19
anticipate,19
anticipated,1
antiquated,19
antique,19
anxiety,19
anxious,19
anyhoo,19
anyhow,19
anyways,19
apartments,2
apllicances,19
apologize,19
apostrophe,19
apparatus,19
apparent,19
appeal,19
appealed,19
appeared,1
appetite,19
appetizers,19
application,19
appointments,19
apportioned,19
appreciates,19
apprehensive,19
approaches,19
approaching,19
appropriately,19
approval,19
approving,19
approximate,19
apptwo,19
april,11
aptly,19
aqua,19
ara,19
arcaic,19
arced,19
arch,19
arcing,4
arcs,19
arduous,19
argue,19
arguing,19
argument,19
arizona,19
arking,19
army,19
aroma,19
arpt,19
arranged,19
arrangement,19
array,19
arrows,19
arruino,19
art,19
artful,19
arthiritis,19
arthritic,19
arthur,19
artic,19
article,19
articulo,19
ary,19
asethetically,19
asinine,19
asks,19
asleep,19
asneeded,19
aspect,2
aspecto,19
ass,19
assaulted,19
assemble,19
assembled,19
assemblies,19
assembly,1
assess,19
asset,19
assign,19
assigned,19
assist,19
assistance,19
assistant,19
assisted,19
assists,19
associate,19
assumed,4
assumes,19
assurance,19
assuredly,19
assurion,19
aster,19
asthetically,19
astickler,19
asurian,19
asurion,4
atari,19
atfarberware,19
atomic,19
atop,19
atrocious,19
attach,1
attaches,19
attachment,19
attachments,19
attempting,19
attempts,6
attend,19
attentive,19
attest,19
attitude,19
attract,19
attracted,19
attractive,5
attributed,19
auburndale,19
aug,19
august,4
aunque,19
aunt,19
aup,19
author,19
authority,19
authorized,19
autistic,19
autobake,19
autocooks,19
autodefrost,19
automated,6
auxiliary,19
avalble,19
averted,19
avid,19
avocado,19
avoiding,19
await,19
awaiting,19
awakened,19
awards,19
awesome,2
awful,5
aye,19
babied,19
babysit,19
bachelor,19
backed,19
backhoe,19
backlighting,19
backlite,19
backs,19
backsplash,19
bacteria,19
badged,19
baganda,19
bagel,19
bagels,19
baker,19
bakers,19
bakes,19
balanced,19
ball,19
banging,1
bangs,19
bargain,19
barley,19
barn,19
baron,19
barrel,19
bartending,19
bases,19
bashed,19
basmati,19
basta,19
bastante,19
bat,19
battered,19
battle,19
battleship,19
battling,19
bay,19
bbb,19
bbq,19
beacon,19
beam,19
beamed,19
beans,19
bear,19
bears,19
beast,19
beat,2
beaten,19
beating,19
beats,19
beautiful,1
beaware,19
becoming,1
bedroom,2
bee,19
beech,19
beeeeep,19
beef,2
beefaroni,19
beeped,19
beepsno,19
beer,19
beg,19
began,6
beginner,19
beginng,19
behaving,19
behavior,1
bejeezus,19
believing,19
bells,2
belongs,19
beloved,19
bend,19
beneath,19
benefit,19
benefits,19
benign,19
berserk,19
beside,19
bestbuy,19
beta,19
betcha,19
betrayed,19
betterthan,19
beverageslarge,19
bew,19
beware,1
bezel,19
bialy,19
bialys,19
biased,19
bien,4
bigfer,19
biggger,19
bike,19
billing,19
billow,19
billowed,19
billowing,19
bin,19
binding,19
bingo,19
bird,19
birth,19
bisque,19
bit,1
bite,19
bites,19
biting,19
bits,19
bitten,19
biweekly,19
bizarre,19
bla,19
blacked,19
blackened,19
blackndecker,19
blackout,19
blame,19
blamed,19
blaming,19
blanket,19
blaring,19
blast,19
blasted,19
blasts,19
blatantly,19
bleach,19
bleached,19
blech,19
blemishes,19
blend,19
blenders,19
bless,19
blessing,19
blessings,19
blink,19
blissfully,19
blister,19
blistering,19
blob,19
block,19
blocking,19
bloody,19
blown,1
blueberries,19
bluish,19
blur,19
blurb,19
blurry,19
bmw,19
bnb,19
boards,19
boats,19
bog,19
boilling,19
boilover,19
bombarded,19
bone,19
boneless,19
bones,19
bonito,19
bonkers,19
bonus,2
bonuses,19
boo,19
books,19
bookshelf,19
boomer,19
boooo,19
boost,19
boosts,19
boot,19
border,19
boring,19
bosch,19
bot,19
bothered,4
bothering,19
bothers,19
bothersum,19
bottle,19
bough,19
bounce,19
bounced,19
bounces,19
bouncy,19
boxing,19
boys,19
boyt,19
bpa,19
bracelet,19
bracket,19
brackets,19
brad,19
braeck,19
brainer,19
brains,19
brake,19
brakes,19
brandi,19
breadcrumbs,19
breads,19
breadyou,19
breakdowns,19
breakfast,4
breakroom,19
breasts,19
breathe,19
breathing,19
breeze,4
breville,19
brghter,19
brick,2
bridge,19
briefly,19
brighter,19
brightest,19
brilliant,19
brilliantly,19
brimstone,19
brio,19
brisket,19
brittle,19
broiled,19
broiling,1
broils,19
brokedown,19
broken,1
brother,19
brownouts,19
browns,19
brownspush,19
browser,19
bruise,19
brushing,19
bs,19
bubbled,1
bubbles,19
bubbly,19
bucci,19
buck,1
buddies,19
budge,19
budner,19
buen,19
buena,19
buffalo,19
builders,19
bulb,3
bulges,19
bulk,19
bulkiness,19
bulletproof,19
bumble,19
bummed,19
bumped,19
bumps,19
bumpy,19
bun,19
bundle,19
bureau,19
bureaucratic,19
burglar,19
burnedso,19
burning,1
burns,1
burnt,2
burs,19
burst,19
bursts,19
bus,19
bushing,19
busted,19
butcher,19
butthere,19
buttonit,19
buttonmakes,19
buyer,6
buyi,19
buyquality,19
buys,19
buzzed,19
buzzes,19
buzzing,1
bypass,19
bypassing,19
c,19
cabin,19
cabinets,1
cabnets,19
cace,19
cafeterias,19
cage,19
cake,19
caked,19
cakes,19
calculate,19
calculates,19
calibrate,19
calidad,19
calienten,19
callback,19
calling,3
callouts,19
calls,1
cambien,19
camera,19
cameras,19
camping,19
canadian,19
cancel,1
cancelation,19
canceled,19
cancelled,19
cancelling,19
cancerous,19
candid,19
candidate,19
candles,19
cannister,19
cans,19
capacitor,19
capacity,1
cappuccino,19
caption,19
capture,19
car,19
carbon,19
card,1
cards,19
carefree,19
caregiver,19
caregivers,19
careless,19
carelessness,19
cares,19
carless,19
carosel,19
carriage,19
carries,19
carrying,19
cars,19
cascade,19
cash,19
cashed,19
casio,19
casserole,19
cast,19
cat,19
catastrophe,19
catastrophic,19
catches,19
cate,19
cater,19
catholic,19
cats,19
caught,3
cauliflower,19
caused,1
cautionary,19
cautions,19
cautiously,19
caveat,19
caveats,19
cavemen,19
cavernous,19
cbought,19
cc,19
cease,19
ceased,19
ceases,19
ceasing,19
cell,3
cellphone,19
cells,19
cellular,19
cement,19
censor,19
centering,19
centerpiece,19
centers,19
cents,19
cereal,19
cerealbowl,19
certifications,19
certified,19
cf,19
cfthis,19
chai,19
chain,19
chair,19
chairs,19
challenge,19
challenged,19
challenges,19
champ,19
changer,19
channels,19
characteristic,19
charcoal,19
charge,19
charged,19
charging,19
charm,3
chase,19
chasing,19
chassis,19
chat,5
chatroom,19
chatted,19
chattering,19
cheapening,19
cheapie,19
cheaping,19
cheated,19
checked,2
checklist,19
checks,19
cheerful,19
cheesy,19
chefman,19
chefs,19
chemical,2
chemically,19
chemicals,19
cherry,19
chic,19
chickens,19
chico,19
childhood,19
chili,19
chill,19
chilly,19
chime,1
chimes,19
chipped,19
chirp,19
chocolate,2
chocolates,19
choir,19
chop,19
choppy,19
chops,19
chore,19
chores,19
christian,19
christmastime,19
chrome,1
chronic,19
chunk,19
chunks,19
chunky,19
ciento,19
cinch,19
cinnamon,19
circle,3
circuitry,19
circular,19
circulation,19
circumstance,19
circumvented,19
cited,19
city,1
claim,6
claiming,19
claims,19
clamp,19
clanging,19
clangs,19
clank,19
clanks,19
clarification,19
clarify,19
clarity,19
classes,19
classic,19
classification,19
clatters,19
cleaner,19
cleaners,19
cleanest,19
cleaneven,19
cleanliness,19
cleans,19
cleanthe,19
cleanupsetting,19
cleanyes,19
clearance,2
clearances,19
clearing,19
cleary,19
climbed,19
cling,19
clink,19
clinks,19
clips,19
clocks,19
clone,19
clooge,19
closes,1
cloth,1
clothes,19
cloud,19
clue,1
clueless,19
clunks,19
clunky,4
clutter,19
cluttered,19
coast,19
coat,19
coats,19
cob,19
cocoa,19
code,1
codes,19
coding,19
coffeemaker,19
coffin,19
coil,19
coincidental,19
coincidently,19
colddont,19
coldest,19
collage,19
collarbones,19
colleagues,19
collect,19
collecting,19
collections,19
collects,1
college,1
collided,19
color,1
colorado,19
coloration,19
colored,3
coloring,19
colors,1
colour,19
column,19
combi,19
combinationbefore,19
combinations,19
combined,1
combines,19
combining,19
combos,19
combustible,19
comfortably,19
comfy,19
comidas,19
commanding,19
commend,19
commenter,19
commenters,19
comming,19
commit,19
commodity,19
communicate,19
communication,19
como,19
compact,1
compactmicrowave,19
compactness,19
compacto,19
compair,19
companies,4
companion,19
compartment,19
compensate,19
compensated,19
compensation,19
compete,19
competing,19
competition,19
competitivo,19
complains,19
complaints,1
complements,19
completely,1
completes,19
completing,19
completion,19
complied,19
complimentary,19
comply,19
compra,19
comprar,19
compre,19
comprehend,19
comprehensive,19
compress,19
compression,19
compromise,19
compromised,19
compromising,19
computer,1
con,8
conceded,19
concentrate,19
concentrated,19
concept,19
conceptualize,19
concern,1
concert,19
conclude,19
concluded,19
conclusion,19
condemnation,19
condensation,2
condenses,19
condiciones,19
conditioning,19
conditionthat,19
condo,1
cones,19
confess,19
confidently,19
configurable,19
configuration,19
configured,19
configuring,19
confirmation,19
confusion,19
conjecture,19
conjunction,19
connection,4
connector,19
connoisseur,19
conocimiento,19
cons,5
consecutive,19
consenting,19
conserve,19
considerable,1
considerably,19
consideration,19
considerations,19
considers,19
consist,19
consistency,19
consmedic,19
constantly,1
constrained,19
constraint,19
constructioneasy,19
consume,19
consumers,19
consumes,19
contact,2
contacted,9
contactedtoshiba,19
contacting,2
contained,19
contemplating,19
contemporary,19
contenedores,19
content,19
contento,19
contents,19
continous,19
continued,1
continuedly,19
continuous,19
continuum,19
contortion,19
contract,19
contracted,19
contraption,19
contrasting,19
contributed,19
contributing,19
controllable,19
controlled,19
controller,19
controlling,19
convect,19
convectional,19
convectioncombo,19
convections,19
conveniently,19
convention,19
conventional,1
conversations,19
conversion,19
convert,19
converted,19
convertible,19
converting,19
convience,19
convienence,19
convoluted,19
cookbook,19
cookie,19
cookies,19
cookingif,19
cookingor,19
cooler,19
coooking,19
coordinates,19
copies,19
copious,19
copying,19
cordial,19
core,19
corel,19
corelle,19
coronavirus,19
corporate,19
corporations,19
correcting,19
correctly,1
correlation,19
correspond,19
correspondence,19
corresponding,19
corroded,19
corroding,19
corrosion,19
corsori,19
cortesty,19
corvid,19
cosmetically,19
costed,19
costing,19
costly,19
costs,1
costumer,19
cotton,19
countdown,19
counteract,19
counterfeit,19
counterintuitive,19
counterspace,3
countertop,1
counting,19
counts,19
coupled,19
courteous,19
courtesy,19
cousin,19
cousins,19
coverage,19
coverings,19
covid,1
cpsc,19
cracked,1
cracking,19
crackle,19
crackled,19
crackling,19
cracks,19
craig,19
cramping,19
crank,19
crannies,19
crap,11
crappie,19
crappiest,19
crating,19
crawl,19
crayon,19
crazily,19
creak,19
creaks,19
cream,19
creamed,19
creamer,19
creamy,19
crease,19
create,1
creative,19
credibility,19
credit,8
credited,19
creditfor,19
credits,19
crickets,19
cried,19
crinkle,19
crisp,1
crisper,2
crispier,19
crispiness,19
crispness,19
critiqued,19
critter,19
crockpot,19
crockpots,19
croissants,19
crooked,19
crookedsome,19
crossing,19
crowded,19
crucial,19
crud,19
crude,19
crumbles,19
crunch,19
crunchy,19
crust,19
crusted,19
crusty,19
cryptic,19
crystals,19
csnt,19
csr,19
csrs,19
cst,19
cualquier,19
cuando,19
cuarteaduras,19
cubicle,19
cuenta,19
cuff,19
cuidado,19
cuisenart,19
cuisinart,19
culinary,19
culture,19
cumbersome,19
cumple,19
cumplido,19
cupbards,19
cupboards,19
cuppa,19
curious,19
curiously,19
curled,19
curry,19
curse,19
curtis,19
curve,8
curved,19
cus,19
cushioning,19
cust,19
custom,2
customer,4
customers,2
customize,19
cuteness,19
cutoff,19
cyber,19
da,19
dab,19
dado,19
daewoo,19
dagnabbit,19
dairy,19
damn,19
damp,1
dampening,19
dancing,19
dandy,19
danger,2
dangerous,9
dangerously,19
dangerousness,19
danish,19
darkened,19
darker,19
darling,19
darn,2
dash,19
data,19
dated,19
daugther,19
daunting,19
dawned,19
daylight,1
daylights,19
de,1
deactivated,19
dead,5
deadline,19
deadly,19
deadthis,19
dealbreaker,19
dealing,6
dear,19
death,19
debajo,19
debate,19
debris,19
dec,19
decal,19
decaying,19
deceiving,19
deceptive,19
decipher,19
decision,2
decisive,19
deckers,19
declaring,19
declined,19
decor,19
decorate,19
decrease,19
decreasing,19
decter,19
dedicated,19
deducted,19
deducting,19
deeper,19
def,19
defeating,19
defect,1
defective,3
defense,19
defer,19
defiantly,19
deficient,19
defined,19
definetly,19
definitive,19
defintely,19
deflating,19
deflects,19
defog,19
deformed,19
defosting,19
defroster,19
defrosts,19
deg,19
degraded,19
dehydration,19
del,19
delay,19
delaying,19
delays,19
deleted,19
deleting,19
deliberately,19
delicate,19
delicious,19
delight,19
delighted,19
delightful,19
delightfull,19
delivering,19
delivers,1
demand,19
demasiado,19
demo,19
demolition,19
denial,19
denied,19
denies,19
deny,19
department,19
departments,19
depends,19
depicts,19
depressed,19
deprivation,19
derby,19
descent,19
describedgreat,19
describing,19
deserve,19
deserved,19
designate,19
designer,19
designers,19
desire,19
despair,19
desperate,19
desperately,19
destined,19
destroying,19
detailsmatter,19
detal,19
detect,19
detector,19
detects,19
detent,19
deteriorated,19
detest,19
detracts,19
detriment,19
detroit,19
devastated,19
develop,1
developer,19
developing,19
develops,19
devicemoves,19
devolverlo,19
devoted,19
dia,19
diagnosis,19
diagonal,19
dial,1
dialed,19
dials,19
diamond,19
dice,19
dick,19
dictated,19
dictates,19
dictionary,19
diff,19
differ,19
differed,19
differences,19
difficulties,19
diffuser,19
diffusion,19
dificult,19
dig,19
digents,19
digest,19
digit,19
digress,19
diinner,19
dilatory,19
dilemma,19
diligent,19
dilithium,19
diluted,19
dimensionally,19
diminishing,19
diminutive,19
dimm,19
dimmer,19
diner,19
dinged,19
dingy,19
dining,19
dinky,19
dinners,1
dino,19
dinosaur,19
diode,19
direct,19
directed,1
directive,19
directs,19
dirt,19
disabling,19
disadvantage,19
disadvantages,19
disagreed,19
disappear,19
disappeared,19
disappoijting,19
disappointed,2
disappointing,6
disappointment,9
disappointments,19
disaster,1
disavows,19
disc,19
discard,19
discarded,19
discharge,19
disclaimer,19
disco,19
discolor,19
discolored,19
discomfortable,19
disconcerting,19
disconnect,19
disconnecting,19
discontinued,19
discounted,19
discounts,19
discouraging,19
discovering,19
discrepancy,19
discussion,19
disgrace,19
disgustingly,19
disintegrated,19
disintegrating,19
disjointed,19
disk,19
dislikes,19
dislocate,19
dislocates,19
dislodging,19
dismayed,19
disorienting,19
dispaly,19
displacement,19
displaying,19
displayyou,19
disply,19
disposal,19
dispose,19
disposing,19
disputed,19
disregarding,19
disregared,19
disrupt,19
dissapointing,19
dissatisfaction,19
dissatisfied,1
dissipated,19
dissolving,19
distinguish,19
distinguishable,19
distracted,19
distraction,19
distressed,19
distribute,19
distributed,19
distributer,19
distributes,19
ditched,19
ditto,19
divergence,19
divided,19
division,19
divisions,19
divorced,19
diyb,19
dmensions,19
dnoise,19
dns,19
docked,19
documentation,1
documenting,19
doddery,19
dodged,19
doggie,19
dolls,19
dolly,19
dome,19
dominate,19
dominated,19
don,19
donate,19
donating,19
donde,19
doneness,19
dong,19
donness,19
donot,19
dood,19
doorcooks,19
doori,19
doornail,19
dope,19
dorections,19
dorie,19
dorm,1
dorms,19
dos,19
dose,19
dots,19
doubling,19
doubtfull,19
doubts,19
dough,19
downfall,19
downgrade,19
download,4
downloadable,19
downloading,19
downright,19
downs,19
downside,19
downsides,19
downsizing,19
downward,19
doy,19
dozen,19
dozens,19
dr,19
dragging,19
dramatically,19
drawback,5
drawbacks,19
drawer,19
dreadful,19
dream,1
dressing,19
drew,19
dried,19
drier,19
drilled,19
drip,19
dripped,19
dripping,19
drippy,19
drive,3
drivelug,19
drivers,19
driveway,19
driving,19
drone,19
droplets,19
drops,19
drowning,19
drugged,19
drumsticks,19
drunk,19
dryer,19
dst,19
dull,19
dumber,19
dump,2
dumping,19
dunno,19
duo,19
duped,19
duper,19
durablevery,19
durn,19
dust,1
dusting,19
dying,1
dysfunctional,19
dyson,19
e,1
eager,19
eand,19
earned,1
earns,19
earshot,19
earth,19
eas,19
easy,2
easyto,19
eats,19
eay,19
ebay,19
echoes,19
ecomode,19
econobox,19
economic,19
economical,19
economically,19
economy,19
ecstatic,19
edamame,19
edible,19
edited,19
editing,19
editorial,19
editors,19
educated,19
eekthere,19
efectivo,19
effectiveeasy,19
effectiveness,19
effects,19
efficiency,19
efficient,6
efficiently,1
effortless,19
eg,4
egg,19
egregious,19
ehhh,19
eight,19
eighth,19
eighty,19
elaborate,19
elbow,19
elders,19
elec,19
elected,19
electrically,19
electromagnetic,19
electronically,19
elegance,19
elegante,19
elekcity,19
elementary,19
elephant,19
eleven,19
eligble,19
eligible,19
eliminated,19
eliminates,19
eliminating,19
elsa,19
elseworks,19
email,4
emailing,1
emails,19
embalaran,19
embarrassment,19
emerge,19
emergencies,19
emitted,19
emitting,19
emphasis,19
emphasize,19
emptying,19
enabling,19
enamelware,19
encanta,19
encanto,19
encased,19
encenderlo,19
enclosure,19
encompass,19
encontrado,19
encounter,19
encountered,19
encountering,19
endless,19
endlessly,19
endorsement,19
endure,19
enemy,19
engaged,19
engaging,19
engine,19
engineered,19
engulfing,19
enhanced,19
enhances,19
enjoy,1
enjoyable,19
enjoying,2
enjoys,19
enroute,19
ensures,19
ensuring,19
entail,19
entailed,19
entails,19
entering,4
enterprise,19
entertain,19
enthusiastically,19
entirely,7
entitled,19
entrap,19
entrees,19
entrega,19
entry,1
envelops,19
enviaron,19
environments,19
epacris,19
episode,19
equals,19
equip,19
equipo,19
equipped,19
equitable,19
era,19
eradicate,19
erases,19
erg,19
ergonomic,19
ergonomically,19
err,19
erratic,19
erratically,19
erroneously,19
error,1
errrr,19
erupting,19
escalate,19
escalated,19
escalation,19
escaped,19
escapes,19
escaping,19
esp,19
espacios,19
espera,19
esperaba,19
ess,19
essentials,19
esta,19
establish,19
estar,19
estate,19
estimate,19
estimated,19
estimates,19
etekcity,19
eternal,19
eternety,19
evaded,19
evaluation,19
evaporate,19
evaporates,19
evaporation,19
eve,19
evening,1
evenness,19
event,19
everthing,19
evident,19
evil,19
ewen,19
exaggerated,19
examination,19
examined,19
exaples,19
exasperated,19
exceeded,19
excellant,19
excellent,1
excels,19
excepting,19
exceptional,19
excess,1
excessively,19
exchanges,19
exchanging,19
excite,19
excitement,19
exciting,19
excluding,19
exclusions,19
excruciatingly,19
excuse,1
execute,19
execution,19
exelent,19
exercise,19
exhausting,19
existed,19
existent,19
existing,19
exists,19
exits,19
exorbitant,19
expectancy,19
expectations,1
expectativas,19
expelling,19
expenditure,19
expense,19
expenses,19
expensively,19
experiences,1
experiment,1
experimentation,19
experimented,19
experimenters,19
experiments,19
expert,19
experts,19
expiration,19
expired,19
expiring,19
explanations,19
explanatory,19
explicitly,19
explodes,19
explodewe,19
explore,19
explored,19
explorer,19
explosions,19
explosive,19
exponentially,19
exposing,19
exposure,19
express,3
expressing,19
expressway,19
exquisite,19
extemely,19
extenders,19
extends,19
extension,19
extensively,19
extent,19
exterior,2
exterminator,19
external,19
extinguish,19
extinguisher,19
extraordinarily,19
extras,19
extreemly,19
extreme,2
extremes,19
exuding,19
eyesight,19
fab,19
fabulosomuchas,19
fabulous,19
facebook,19
faced,19
facil,19
facilities,19
facility,19
factors,19
factthis,19
fad,19
fade,19
faded,1
failings,19
faintly,19
fair,2
fairness,19
faith,19
faithful,19
fake,19
fallen,19
falls,19
familiarization,19
familiarized,19
families,19
famous,19
fantastic,9
faqs,19
faraday,19
farbarware,19
farberwaree,19
farberwave,19
farberwear,19
farbweware,19
farce,19
farerware,19
farm,19
fashioned,19
fasten,19
fastener,19
fat,19
fate,19
fateful,19
father,19
faultless,19
faulty,6
faustian,19
fav,19
favor,1
favored,19
favorite,1
favorites,19
feather,19
featured,19
featuresattractive,19
february,8
fed,19
fedex,19
fee,19
feed,19
feeding,19
feelaround,19
feelings,19
fees,19
felder,19
female,19
fence,19
fhe,19
fickered,19
fiddle,19
fiddly,19
fidget,19
field,19
fiesta,19
fifty,19
fight,1
figures,19
filament,19
filed,19
filets,19
filing,19
filled,1
fillets,19
finalized,19
finallly,19
financially,19
finches,19
finely,19
fingernail,19
fingernails,19
fingerprins,19
fingerprint,1
fingertip,19
finicky,19
finishes,1
fins,19
fios,19
fir,19
fire,3
fireball,19
fired,19
fires,19
fireworks,19
firsthand,19
firstly,19
firstworldproblems,19
fisher,19
fist,19
fitin,19
fits,2
fixed,1
fixes,19
fixings,19
fixture,19
fizzed,19
fizzled,19
fl,19
flabbergasted,19
flag,19
flagged,19
flagship,19
flaked,19
flakes,19
flakiness,19
flaking,1
flame,19
flames,4
flaming,19
flare,19
flashed,19
flashes,19
flashing,7
flatter,19
flattest,19
flavors,19
flew,19
flex,19
flexes,19
flexibility,19
flicker,4
flickered,19
flickering,3
flickers,3
flicking,19
flies,19
flimsier,19
fling,19
flings,19
fliped,19
flipped,19
float,19
floats,19
floors,19
flops,19
flour,19
fluff,19
fluid,19
fluids,19
fluke,19
flummoxed,19
fluorescent,19
flyer,19
flying,1
fne,19
focaccia,19
focusing,19
focussed,19
fogs,19
folded,19
folk,19
follows,19
followup,19
fonction,19
foodi,19
foodie,19
foodso,19
fooled,19
foolish,19
foolproof,19
footprint,2
footprintnice,19
forced,19
forcefully,19
ford,19
foreign,19
foresee,19
foretold,19
forever,1
forewarned,19
forgetful,19
forgets,19
forgetting,19
forgive,19
forgiving,19
forgo,19
forgotten,1
formal,19
format,19
formation,19
former,19
forming,19
forms,19
formulating,19
forrecommend,19
fortunate,19
forwarded,19
forwarding,19
forwards,19
foryears,19
fought,19
foul,19
fraction,19
fragile,19
framing,19
frankenstein,19
freak,19
freaked,19
freaking,19
frees,19
freezers,19
frequency,19
freshman,19
fret,19
fricken,19
friction,19
fridge,2
frier,19
frig,19
friggin,19
frightening,19
frightens,19
frills,19
fringe,19
frisbee,19
fritter,19
fritz,19
frompower,19
fromtoshiba,19
fromwhen,19
fronted,19
fronts,19
frost,19
froze,19
frugal,19
frustrate,19
frustrating,1
frustration,1
frustrations,19
fudge,19
fulfillment,19
fulfills,19
fullness,19
fumble,19
fumbling,19
fumes,19
functionable,19
functionalities,19
functioned,1
functionit,19
funding,19
funds,19
funky,19
funneling,19
funniest,19
funny,1
funtions,19
furious,19
furthe,19
fuse,1
fuss,19
fussy,19
futility,19
futures,19
futz,19
fwd,19
fyrer,19
gadget,19
gadgets,19
gaffers,19
gain,19
gained,19
galanz,3
gallery,19
galley,1
gallon,19
galore,19
gamble,19
games,19
gapped,19
garagei,19
garbage,14
garbagecant,19
garlic,19
gas,19
gashed,19
gasped,19
gassing,19
gathered,19
gauge,19
gauges,19
gazillion,19
gd,19
gear,19
geared,19
gears,19
geee,19
geez,19
gem,19
gems,19
generate,19
generated,19
generates,19
generation,19
generic,19
gently,1
genuine,19
genuis,19
george,19
georgia,19
gerbils,19
geriatric,19
germ,19
ghastly,19
ghostly,19
giant,1
gifted,19
gifting,19
gimmic,19
gimmicks,19
ginormous,19
girls,19
gist,19
glare,19
glaringly,19
glasstray,19
glassware,19
glides,19
glitches,19
glitching,19
glitchy,19
globs,19
gloomy,19
glorified,19
gloss,19
glossy,19
glove,19
glowed,19
glue,19
gluing,19
gluten,19
gm,19
gmail,19
godawful,19
godsend,19
goingsuspect,19
goldberg,19
golding,19
golf,19
golpeado,19
goodbye,19
googled,19
gorilla,19
grab,1
grace,19
graced,19
gracias,19
gracious,19
grading,19
gradually,19
grain,19
grams,19
grande,1
grandfather,19
grandkids,19
grandma,19
grandmas,19
grandmothers,19
grandparents,19
granite,19
granular,19
grapes,19
graphic,19
grasps,19
grass,19
grat,19
grate,19
gravel,19
grayish,19
greased,19
great,1
greater,19
greatest,19
greedy,19
greenwashed,19
greeted,19
grew,19
grief,19
grill,3
grime,19
grinder,19
grinding,6
grinds,19
grip,1
gripes,19
gripped,19
grippier,19
grips,19
grits,19
groans,19
grocery,19
grommets,19
groove,19
grooved,19
grossly,19
grounding,19
groups,19
growels,19
growing,19
growl,19
growling,19
growth,19
grudgingly,19
grumbles,19
grumbling,19
guang,19
guaranteeing,19
guarantees,19
guaranties,19
guessed,19
guesstimate,19
guesswork,19
guest,19
guestimating,19
guideline,19
guidelines,19
guides,19
gulp,19
gummy,19
gun,19
gunk,19
gunked,19
gunmetal,19
guru,19
gusta,19
gustaron,19
gusto,19
guts,19
guy,2
guzzling,19
habe,19
habit,19
hace,19
hack,19
hadissues,19
hadnt,3
haha,19
hail,19
halfway,1
hallmark,19
hallway,19
ham,19
hamburgers,19
handbook,19
handed,19
handedly,19
handicapped,19
handshake,19
handy,3
handyman,19
hangs,19
happened,3
happier,4
har,19
hardest,19
hardship,19
harness,19
harrassing,19
harsh,19
harshly,19
hash,19
hastily,19
hat,19
hates,19
hating,19
hatred,19
havnt,19
hawk,19
haya,19
haywire,19
hazard,4
hazardous,19
hazards,19
hb,19
headache,3
headaches,19
headed,19
heads,19
healed,19
healthier,19
heap,19
heartbeat,19
heartily,19
heater,19
heatscapes,19
heatwave,19
heaven,19
heavenly,19
hefty,19
hell,4
helping,19
helplessly,19
helpline,19
hermoso,19
heroes,19
hesitant,19
hesitate,2
hesitated,19
hesitating,19
hesitation,19
hesitations,19
hiding,19
highlight,19
highlighted,19
highlights,19
highly,3
highs,19
himself,19
hinder,19
hinge,19
hinges,19
hint,19
hire,19
his,4
hissing,19
historically,19
hitch,19
hits,1
hm,19
hmmmm,19
hobby,19
hogging,19
hoisted,19
holder,1
holders,19
holidays,19
homedepot,19
homeowners,19
homes,19
honda,19
honesty,19
honor,6
honorable,19
honored,19
honoring,19
hood,19
hooked,19
hooking,19
hooks,19
hookup,19
hoooowever,19
hopeful,19
hora,19
horizontal,19
horn,19
horrendous,19
horrible,8
horror,19
horse,19
host,19
hosting,19
hotplate,19
hotpockets,19
hotspot,19
hottest,19
hounding,19
housed,19
households,19
houseware,19
housewarming,1
howls,19
humanity,19
humans,19
humidity,1
huming,19
humm,19
hummed,19
humor,19
hums,19
humungous,19
hunger,19
hunk,19
hunting,19
hurry,1
hurts,19
hutch,19
iam,19
iceberg,19
icons,19
icrowaveto,19
icy,19
ideal,1
ideally,19
identical,1
identified,19
idiotic,19
idle,19
idling,19
ignores,19
ignoring,19
ii,19
iit,19
ikea,19
illegible,19
illogical,19
illuminate,19
illuminated,19
illuminates,19
illuminating,19
illumination,19
illusion,19
imbedded,19
imicrowave,19
immaculately,19
immage,19
immediate,19
immensely,19
immensity,19
imo,1
impact,19
impairments,19
impatient,19
imperial,19
implemented,19
import,19
importance,19
impossibly,19
impressions,19
impresssd,19
improper,19
improved,3
improvement,2
improvements,19
improving,19
improvise,19
inability,19
inaccuracy,19
inaccurate,1
inadvertently,19
inall,19
inbetween,19
inbuilt,19
inc,19
incapable,19
incentive,19
incessant,19
incident,1
incinerates,19
inclined,19
incnes,19
income,3
incompetence,19
inconsistency,19
inconsistent,1
inconsistently,19
inconspicuously,19
inconvenience,2
incorrectly,19
increasingly,19
increment,19
increments,2
indent,19
indentations,19
indented,19
index,19
india,19
indian,19
indican,19
indicated,19
indicative,19
indispensable,19
inducing,19
induction,19
industrial,19
inedible,19
ineffective,19
inept,19
inevitably,19
inexcusable,19
inexperience,19
inexplicably,19
infact,19
infamous,19
inferno,19
inflated,19
inflates,19
inflation,19
inform,1
informing,19
infrequent,19
infrequently,19
infuriatingly,19
infuse,19
ingrained,19
ingredients,19
inherent,19
inhibit,19
initials,19
initiated,19
injure,19
injured,19
injuries,19
injury,19
inmysmallkitchen,19
innard,19
inner,4
innovations,19
inoperational,19
inputs,19
inquiries,19
inquiry,19
insane,19
insanely,19
insecticide,19
inserted,19
inserting,19
inserts,19
insidedo,19
insideno,19
insides,19
insisted,19
insists,19
inspected,1
inspire,19
insstructions,19
instagram,19
installationof,19
installment,19
installs,19
instances,19
instant,3
instantaneously,19
instill,19
instinct,19
instrucciones,19
instructed,1
instructing,19
instructional,19
instructionsturning,19
instructs,19
instrumented,19
insturctions,19
insufficient,19
insulating,19
insult,19
insulting,19
insurance,19
intact,19
intake,19
integrate,19
integrated,19
integrations,19
integrity,19
intelligence,19
intelligently,19
intellivision,19
intending,19
intensity,19
intensive,19
intention,19
intentional,19
interchangeable,19
interested,19
interestingly,19
interfere,19
interiorcons,19
interiors,19
interlock,19
intermittent,2
intermittently,19
internals,19
international,19
interrupted,19
interrupter,19
interruption,19
intersect,19
intervals,1
inteverted,19
intimidated,19
intimidating,19
intrigued,19
intuitively,19
inv,19
invalid,19
invariably,19
invent,19
invented,19
invention,19
inventive,19
inversion,19
inverters,19
investigated,19
investigating,19
investing,19
invisible,19
invitation,19
invoice,19
inward,19
io,19
iot,19
ip,19
ipad,19
ir,19
irregular,19
irrespective,19
irresponsible,19
irritant,19
irritates,19
irs,19
isalready,19
ish,19
isolated,19
issued,1
issuesi,19
issuethe,19
issuewith,19
issuing,19
isyes,19
italian,19
itb,19
itbut,19
itcooked,19
ithad,19
itvwere,19
iven,19
iverall,19
iwould,19
jack,19
jackery,19
jacket,19
jackets,19
jackpot,19
jam,19
james,19
jammed,19
jamming,19
jan,3
january,3
janury,19
jarring,19
jars,19
jas,19
jeffrey,19
jenny,19
jeremy,19
jerk,19
jerked,19
jerking,19
jerky,19
jerry,19
jettson,19
jiggle,19
jilted,19
jingle,19
jinxing,19
jobs,2
join,19
jona,19
jones,19
jostled,19
joy,19
judge,19
judgement,19
juicy,19
juist,19
july,11
jumbled,19
jumbo,19
jump,1
jumped,19
jumps,19
jun,19
june,5
junk,12
junky,19
jury,19
justify,19
justo,19
justtified,19
jut,19
juts,19
juuuust,19
juuuuuust,19
k,19
kafkaesque,19
kamala,19
kansas,19
kardashian,19
keeper,19
kelsey,19
kenwood,19
kenworth,19
kernel,19
kerr,19
kettle,19
keyed,19
keypress,19
keypresses,19
keys,1
keystroke,19
keystrokes,19
kg,19
kicker,19
kicking,19
kicks,19
kiley,19
kill,4
killer,19
killing,19
kilter,19
kindle,19
kindly,1
kindness,19
kinesthetically,19
king,19
kisses,19
kitchencons,19
kitchenette,19
kitchens,2
kitty,19
klunky,19
klystron,19
knack,19
knees,19
knives,19
knob,1
knobby,19
knobs,19
knocking,19
knocks,19
knowingly,19
knowledgeable,19
knuckle,19
kodiak,19
konk,19
konked,19
kooky,19
kott,19
kw,19
la,4
labeled,19
labeling,1
labelling,19
labor,19
labyrinth,19
labyrinthine,19
lacked,19
lacks,19
lag,19
laid,2
lake,19
landfill,4
landfills,19
landlord,19
laptop,19
largely,19
larger,1
las,19
lasagne,19
lasteed,19
lastly,1
latched,19
latches,19
latching,19
latin,19
latte,19
lattes,19
laugh,19
laughed,19
launch,19
lave,19
law,19
lay,19
layman,19
laziness,19
leaflet,19
leakage,19
leaked,19
leaking,2
leaks,1
leans,19
learning,8
leary,19
leastjust,19
leather,19
leftover,19
leftovers,1
legal,19
legible,19
legitimate,19
legitimately,19
legs,7
lemon,1
lemons,19
lengthy,19
lentils,19
les,19
lesson,19
lessthe,19
letter,19
levelers,19
levellimited,19
levelsthat,19
levers,19
lexan,19
lexington,19
liability,19
liberating,19
license,19
licensed,19
licenses,19
lids,19
lied,19
lies,19
lifecycle,19
lifeline,19
lifesaver,19
lifespan,19
lifetime,19
lifts,19
lightdoes,19
lightedbuttons,19
lighter,1
lightest,19
lightly,1
likeno,19
likes,3
likewise,19
liking,1
lile,19
lilliputian,19
limiting,19
limpiar,19
lined,19
linger,19
lingering,19
linked,19
linkin,19
links,19
liottle,19
lip,19
lipstick,19
listened,19
listing,2
listings,19
lists,19
literary,19
lithium,19
litle,19
litlte,19
litmus,19
litterally,19
litteraly,19
littitvroom,19
littler,19
livid,19
llc,19
llega,19
llittle,19
lmao,19
lmited,19
lmk,19
loader,19
loading,19
loads,19
loaf,19
loaned,19
localized,19
locally,1
locational,19
locator,19
lockout,19
locks,19
loe,19
logged,19
logic,19
logical,19
login,19
logo,19
lolmy,19
lolpro,19
longest,19
lookingcons,19
looming,19
loooks,19
loops,19
loosen,19
loosened,19
loosens,19
loosing,19
lord,19
losing,19
louderjunksave,19
loudness,19
lousy,19
love,3
lovely,1
lover,19
loves,11
lovey,19
loving,1
lowers,19
lowes,19
lowest,19
lows,19
loyalty,19
lst,19
ltd,19
lubricants,19
lubricate,19
lubricating,19
luckily,1
luddite,19
lugging,19
luke,1
lukewarm,1
lunches,19
lured,19
luxury,19
lxwxh,19
lying,19
ma,19
mac,19
macaroni,19
machinery,19
maddening,19
madeby,19
madre,19
magazine,19
maggots,19
magical,19
magnetrons,19
magnets,19
mail,7
mailbox,19
mailing,19
mailroom,19
maine,19
maintain,19
maintained,19
maintaining,19
maker,19
mal,19
male,19
malefunctioning,19
malfunction,1
malfunctioned,19
malfunctioning,19
malfunctions,19
maltratada,19
mammoth,19
manageable,19
management,19
manager,19
manages,19
mandatory,19
manu,19
manuel,19
manufactored,19
manufactured,19
manuscript,19
map,19
march,2
margarine,19
marginal,19
margo,19
mario,19
marketed,19
markets,19
marking,19
markup,19
marred,19
married,19
marshmallows,19
martians,19
marvel,19
marvelous,19
mary,19
mas,19
mash,19
mashed,19
masking,19
massage,19
mastered,19
mat,2
matches,6
matching,19
mate,19
mates,19
matsushita,19
matt,19
matte,19
max,2
maxed,19
maximize,19
maxing,19
maytag,19
mcmansion,19
mcrowave,19
md,19
mea,19
meager,19
meaningless,19
meanly,19
meanwhile,19
measly,19
measurement,19
meatball,19
mechanic,19
mechanically,19
mechanics,19
med,19
medic,19
meet,19
meeting,19
meh,19
mejor,19
meltdown,19
melted,2
memeory,19
memories,19
memorization,19
memorized,19
memorizes,19
memory,2
men,19
menos,19
mentoned,19
mere,19
merely,19
merley,19
meses,19
message,5
messed,19
metaal,19
method,1
meticulous,19
metric,19
metro,19
meyer,19
mfd,19
mfrs,19
mhome,19
mic,19
mica,19
micfowave,19
michigan,19
micoware,19
micowave,19
micrewave,19
microbe,19
microblaster,19
microcontroller,19
microcrisp,19
micron,19
microondas,19
microphone,19
microprocessor,19
micros,19
microve,19
microven,19
microw,19
microwace,19
microwaveconclusion,19
microwavecons,19
microwaveconv,19
microwavejuly,19
microwavel,19
microwaveless,19
microwavereally,19
microwavestand,19
microwavesust,19
microwavewant,19
microwavingno,19
micrwave,19
midnight,19
midst,19
mighty,19
migraines,19
mild,19
mildew,19
mileage,19
miles,1
military,19
million,19
mimic,19
mincon,19
minded,19
mindful,19
mines,19
mini,1
minimally,19
minimized,19
miniutes,19
minor,1
minuscule,19
minuses,19
miracle,19
mircrowave,19
miro,19
mirrors,19
mis,19
misaligned,19
misclassified,19
miserably,19
misgivings,19
mishap,19
misjudged,19
misleading,3
misled,19
misplace,19
misread,19
missalighned,19
mississippi,19
misspellings,19
mistaken,19
mitigate,19
mitt,19
miutes,19
mixed,19
mixer,19
mixes,19
mixing,19
mo,19
moaning,19
moarn,19
mobile,19
moby,19
mocrowave,19
modelo,19
moderate,1
moderately,19
modern,2
modernit,19
modestly,19
modulate,19
moisure,19
mold,19
molded,19
molding,19
molesto,19
momento,19
momths,19
monitoring,19
monstrosity,19
monstrous,19
monthes,19
monthly,19
months,2
moot,19
mop,19
mopped,19
mor,19
moral,19
moreover,19
mortar,19
mosti,19
motherboard,19
motivate,19
mount,1
mountain,19
mounted,19
mounting,19
mounts,19
mouser,19
movement,1
movie,19
movies,19
mr,19
mri,19
msmart,19
msmarthome,2
msrcas,19
mths,19
mts,19
mudt,19
muffin,1
muffles,19
multi,2
multigenerational,19
multiphase,19
multitude,19
munchies,19
munching,19
murrka,19
muscle,19
muscled,19
mushier,19
mushy,19
mutable,19
mutant,19
mute,4
mutei,19
muy,2
mv,19
mvo,19
mwave,19
mwo,19
myelderly,19
myles,19
mysmartlife,19
na,19
nag,19
nagging,19
nah,19
nails,19
namely,19
nameplate,19
names,1
nap,19
narrower,19
nasa,19
nasty,19
nation,19
natural,19
naturally,1
nature,1
navigate,19
navigating,19
nay,19
nbd,19
neanderthals,19
nearest,19
neat,1
necessities,19
necessity,19
necklace,19
needless,4
needlessly,19
needy,19
negate,19
negatives,19
negativo,19
negro,19
neighbor,19
neighborhood,19
neighbors,19
nephew,19
nerve,19
nesecitava,19
nesting,19
net,19
networks,19
newfangled,19
newly,19
newness,19
newspaper,19
nibbling,19
nice,1
nicely,1
nicest,19
niche,19
nickel,19
niece,19
nights,1
nilly,19
nine,19
nineteen,19
nineties,19
ninjafoodi,19
nit,19
nitpick,19
nitpicky,19
nj,19
nline,19
noiseless,19
noisiest,1
noisily,19
noixes,19
nominally,19
nondescript,19
noneoverall,19
nonexistant,19
nonexistent,1
nonfunctional,2
noodle,19
noodling,19
nook,19
nooks,19
nope,1
nordicware,19
nornally,19
nose,19
nostalgic,19
notable,19
notably,19
notas,19
notch,19
notes,19
nothinf,19
notification,1
notnew,19
nov,1
novel,19
november,10
nowhere,2
noxious,19
nr,19
ntp,19
nuclear,19
nudge,19
nudged,19
nuff,19
nuisance,19
nuker,19
nukes,19
numbering,19
numbersthat,19
numbingly,19
numeral,19
numerals,19
numeric,19
nurse,19
nuwave,19
ober,19
obey,19
obfuscation,19
objectionable,19
objections,19
objective,19
objects,19
obligatory,19
observable,19
obsessed,19
obsolescence,19
obstructs,19
obtain,19
obtained,19
obtaining,19
obtuve,19
occasion,1
occasions,2
occassions,19
occupy,19
occupying,19
occur,1
occured,19
occurred,1
occurs,19
ocean,19
oct,1
october,3
odor,8
odors,19
odyssey,19
oem,19
ofcourse,19
oferta,19
offense,19
offices,19
officially,19
offset,19
ofhat,19
ohh,19
oiler,19
okaaaay,19
ol,19
om,19
omelettes,19
ominous,19
omission,19
omits,19
omitted,19
onder,19
onesat,19
ongoing,19
onion,19
ontime,19
onwards,19
onyl,19
opaque,19
openedvery,19
openonly,19
operatate,19
operational,19
operationally,19
operativo,19
operator,19
opinions,19
opportunity,19
opt,19
optimum,19
optionturntable,19
orange,19
orbit,19
ordeal,19
ordenar,19
orders,19
ordinarily,19
ordinary,19
ordsred,19
organization,19
oriented,19
origin,19
oriinal,19
oscar,19
ostensible,19
oster,19
ostetrizer,19
ot,19
otherwize,19
otoh,19
otr,19
ouch,19
oud,19
ounce,19
ounve,19
ourselves,19
ourside,19
outage,1
outbreak,19
outdoor,19
outlasts,19
outlets,8
outliers,19
outlives,19
output,2
outputs,19
outrage,19
outrageous,19
outrageously,19
outreached,19
outright,19
outset,19
outsides,19
outsourced,19
outstanding,2
outwards,19
oved,19
ovenvery,19
overal,19
overall,1
overbuttons,19
overcame,19
overcook,19
overcooking,19
overcrowded,19
overcurrent,19
overdone,19
overdue,19
overestimated,19
overflow,19
overflowed,19
overflows,19
overhaul,19
overhead,19
overheated,6
overheats,1
overjoyed,19
overkill,19
overlay,19
overload,19
overloaded,19
overnighted,19
overpacked,19
overpaid,19
overpriced,19
overpromise,19
overpushbutton,19
overseas,19
overshooting,19
overstressed,19
overtime,19
overtly,19
overused,19
overusing,19
overwhelm,19
overwhelmed,19
overworked,19
owes,19
owl,19
owning,1
owns,19
oxygen,19
oy,19
ozony,19
p,1
pace,19
paces,19
pacific,19
packages,19
packet,19
packets,19
packs,19
padding,19
pagar,19
pages,19
painful,19
painless,19
painters,19
painting,19
paired,19
pairing,19
pairs,19
pajamas,19
palm,19
pamphlet,19
panansonic,19
panasomic,19
panasonics,1
pancake,19
pancakes,19
pandemic,1
panic,19
panicked,19
paninis,19
panko,19
panned,19
pannell,19
pansonic,19
pantry,4
paperweight,19
paralyzed,19
paramount,19
paraphrasing,19
parchment,19
parece,19
parecer,19
parent,19
park,19
parrots,19
participated,19
particle,19
particles,19
partly,19
partner,19
partnerships,19
partway,19
pasado,19
passably,19
passed,1
passing,19
passive,19
password,19
paster,19
patent,19
path,19
pathetic,19
patience,1
patiently,19
pattern,19
pattie,19
paused,19
paykel,19
payless,19
payment,1
payments,19
pd,19
pe,19
peace,19
peaks,19
peck,19
peeks,19
peelings,19
peels,19
peeper,19
peeves,19
peg,19
peice,19
peices,19
penalized,19
pencil,19
penetrates,19
pennies,19
pensaba,19
pepperidge,19
pepperoni,19
percentage,19
perchase,19
percise,19
percolator,19
perfect,2
perfectairfryer,19
perfectamente,19
perfected,19
perfection,19
perfectley,19
perfectly,2
perfectlycons,19
perfecto,19
perfectpopcorn,19
perforated,19
perforations,19
performer,19
performes,19
performs,3
perimeter,19
periodic,19
perk,19
permanent,19
permeant,19
permission,19
permissions,19
perplexed,19
perplexing,19
perrrrrfect,19
persevere,19
persisted,19
persistently,19
personality,19
personalized,19
personas,19
persons,1
perspective,19
perspiration,19
petite,19
petrified,19
petrify,19
pewter,19
pf,19
phase,19
phenomenally,19
phenomenon,19
phew,19
philippines,19
phonecalls,19
phoning,19
photograph,19
photographing,19
phrase,19
phthalates,19
phus,19
picking,19
picks,19
picky,19
pictograms,19
pictorial,19
pie,19
piercing,19
pies,19
pig,19
pile,19
piled,19
pilling,19
pinch,19
pingable,19
pins,19
pint,19
pirates,19
pissed,19
pisses,19
pita,19
pitch,19
pitched,19
pitfalls,19
pity,19
pivot,19
pivots,19
pkg,19
pl,19
placement,1
plans,19
planting,19
plare,19
plastered,19
plasticlooking,19
plastics,19
plateado,19
platebumping,19
plater,19
plateto,19
platters,19
playe,19
played,19
playing,19
plays,19
pleaed,19
pleasantly,19
pleased,2
pleasent,19
pleases,19
pleasing,1
pleasure,19
pleno,19
plenty,1
plexiglass,19
plugged,3
plugs,19
plunk,19
pluses,19
ply,19
pm,19
poached,19
pockets,1
pointing,19
pointless,19
poipu,19
poison,19
poisoning,19
poking,19
policies,19
policy,5
polish,19
polished,19
polite,19
pollution,19
pomeranian,19
pondered,19
poof,19
poor,1
poorly,1
por,1
porn,19
porque,19
portable,19
portland,19
positioned,19
positioning,19
possibilities,19
postage,19
posti,19
posts,19
potat,19
potholder,19
potholders,19
potstickers,19
poultry,19
pour,19
poured,19
pouring,1
pours,19
powdery,19
powerfulthings,19
powerhorse,19
powerhouse,19
powerlevel,19
powers,19
practices,19
practico,19
praises,19
pray,19
prayer,19
pre,19
precariously,19
precio,19
precisely,19
precision,19
precut,19
predictably,19
predictor,19
predjudice,19
predrilled,19
pref,19
prefab,19
prefect,19
preferable,19
preferably,19
preference,2
preferred,4
prefers,19
preformatted,19
preheated,19
preheats,19
prejudge,19
prejudice,19
premise,19
preoccupied,19
prep,19
prepaid,19
preparations,19
prepare,3
prepped,19
preprogrammed,4
presence,19
presentation,19
presented,19
presently,19
presets,12
presume,19
presumptuous,19
pretend,19
prettier,19
pretzel,19
preventing,19
previously,1
prfectly,19
pricey,19
primero,19
principles,19
printout,19
pristine,19
probable,19
probe,19
problematic,19
problen,19
proceeded,19
processed,19
proclaim,19
producing,19
producto,1
profession,19
professional,1
profile,19
profit,19
profits,19
profusely,19
programed,19
programing,19
programm,19
programmable,19
programs,19
progression,19
project,19
prolong,19
promising,19
promote,19
promotion,19
prompts,19
prong,19
prongs,1
pronounced,19
proof,2
proofing,19
proofreading,19
propane,19
property,19
proportional,19
proportionately,19
propped,19
propping,19
proprietary,19
prospective,19
protector,19
protects,19
protein,19
protruding,19
protrusion,19
protrusions,19
proud,19
provide,1
provider,19
provides,1
proving,19
provocative,19
prptected,19
pruchase,19
prying,19
psh,19
psychedelic,19
public,19
published,19
pucker,19
puddle,19
puddles,19
puedo,19
pues,19
puffed,19
puffing,19
pulse,19
pulses,19
pulsing,19
pumpkin,19
punched,19
punching,19
punctured,19
punctures,19
pungent,19
punt,19
punted,19
puny,19
pup,19
puppy,19
purcahse,19
purchace,19
purchaser,19
pure,19
purposeful,19
purposes,1
pursue,19
pursuing,19
pushbutton,2
pusuing,19
qa,19
qr,19
qt,19
quantities,19
quantity,19
quarantined,19
quarts,19
quartzite,19
quasar,19
queens,19
quelled,19
questioned,19
queue,19
quibble,19
quiche,19
quicken,19
quicker,4
quicklyit,19
quickness,19
quicktime,19
quiero,19
quiet,3
quieter,2
quietest,1
quietly,5
quietpower,19
quik,19
quirk,19
quirky,19
quitely,19
quoted,19
r,19
rabbit,19
racket,19
radar,19
radiative,19
radio,19
rag,19
ragged,19
raids,19
rain,19
raining,19
raising,19
rambunctious,19
ran,13
rancid,19
random,2
randomly,1
ranges,19
ranks,19
ranting,19
rap,19
rapidez,19
rapidly,19
rapido,19
rare,19
rates,19
ratio,19
rats,19
rattled,19
rattling,7
rattly,19
rave,19
raven,19
rays,19
rca,2
re,1
reached,4
reaches,19
reaching,19
react,19
reactions,19
reactivates,19
reactive,19
readable,19
reader,19
readily,19
readjustment,19
readout,19
reads,19
reair,19
realidad,19
realistic,19
reality,19
reallly,19
realmente,19
realtivly,19
reapplied,19
reapply,19
rearrange,19
rears,19
reasonable,1
reassemble,19
rebooted,19
rebooting,19
reboots,19
rebranded,19
rebrands,19
rec,19
recalled,19
recalls,19
reccomend,19
reccoment,19
recede,19
receipt,2
receipts,19
receite,19
receive,1
receiver,19
recenter,19
receptacle,19
recess,19
rechecked,19
reclaim,19
recliner,19
recognizes,19
recomed,19
recomend,19
recomending,19
recomiendo,19
recommeded,19
recommending,19
recommends,19
recon,19
reconnect,19
reconnects,19
reconsider,19
recoommend,19
recorded,19
recording,19
recourse,19
recovers,19
recovery,19
recreation,19
rectangles,19
rectangular,19
rectify,19
recycled,19
redeeming,19
redesign,19
redirected,19
redness,19
redo,19
redoing,19
redone,19
reduces,19
reducidos,19
redundant,19
ref,19
referencei,19
referencing,19
referring,19
refers,19
reflecting,19
reflective,19
reflector,19
refrigerated,19
refrigerators,19
refund,7
refunded,4
refurb,19
refurbished,1
refusal,19
refuse,19
refused,5
refuses,19
refusing,19
reg,19
regard,19
regarded,19
regift,19
region,19
registered,1
registering,19
regrads,19
regret,2
regrets,19
regretted,19
regulate,19
regulations,19
reheatable,19
reheater,19
reheats,7
reimburse,19
reimbursement,19
reinserting,19
reinstall,19
reinstallations,19
reinstalling,19
rejected,19
related,19
relatedly,19
relations,19
relatives,19
relays,19
relearn,19
releasing,19
relegate,19
relic,19
relieved,19
relish,19
relitive,19
reluctantly,19
rely,19
remarkably,19
remarking,19
remarks,19
remedied,19
remembered,19
remembering,19
reminding,19
reminiscent,19
remorse,19
removable,19
removal,19
removes,19
renders,19
renovated,19
rent,19
renter,19
renting,19
reommend,19
reopen,19
reorder,19
reordering,19
reorient,19
repack,19
repackage,19
repackaging,19
repacked,19
repainting,19
repair,3
repairable,19
repaired,4
repairing,19
repairman,19
repalcement,19
repeatedly,4
repertoire,19
repetitive,19
replacementedit,19
replacements,19
replicable,19
replicator,19
replies,19
replugged,19
replugging,19
reply,5
reports,19
reposed,19
representation,19
representative,19
representatives,19
representing,19
represents,19
repress,19
reproductive,19
reprogram,19
reprogrammed,19
repurchased,19
request,8
requested,2
requesting,19
requests,19
requirements,1
requiring,1
rerate,19
reread,19
resell,19
resemble,19
resembles,19
resembling,19
resent,19
reseted,19
resets,19
resetting,1
residence,19
residue,19
resistance,19
resisted,19
resisting,19
resold,19
resolution,19
resolve,19
resolving,19
resolvio,19
resonator,19
resort,19
resorted,19
resources,19
respect,1
respectable,19
respected,19
respectfully,19
respective,19
respectively,19
respects,19
respond,3
responded,19
response,6
responses,19
responsible,19
responsibly,19
resta,19
restarted,19
restaurant,19
restaurants,19
resting,19
restocking,19
restore,19
restored,19
restricted,19
restricts,19
resubmitted,19
resubmitting,19
resultado,19
retail,19
retain,19
retained,19
retainer,19
retaining,19
rethinking,19
reticent,19
retire,19
retiree,19
retirement,19
retiring,19
retirn,19
retrain,19
retrieved,19
retrieving,19
return,2
returned,2
returning,5
returns,1
reusing,19
revealed,19
revenue,19
reverberation,19
revere,19
reveries,19
reversed,19
reverted,19
reverting,19
reverts,1
revido,19
reviewing,19
reviewit,19
reviewsalexa,19
revolutionary,19
revolutions,19
revues,19
rewarming,19
rewrite,19
rheumatoid,19
rickety,19
riddance,19
ride,19
ridiculous,2
riesgo,19
rig,19
rigidly,19
rimmed,19
ringer,19
rings,19
rip,1
ripped,19
ripping,19
rise,19
riser,19
rises,19
rising,19
risks,19
river,19
rma,19
rms,19
ro,19
roach,19
roaches,19
roads,19
roar,19
roaster,19
roasting,19
roasts,19
robinson,19
robots,19
rocked,19
rocking,19
rods,19
roku,19
roll,19
roller,1
rona,19
roomey,19
roomie,19
roommate,19
roomy,19
rosado,19
rot,19
rota,19
rotary,19
rotated,19
rotatingarm,19
rote,19
rotiss,19
rotten,19
roulette,19
rounded,19
rounds,19
route,19
routed,19
router,1
routers,19
routinely,19
rrtirn,19
rubberized,19
rubbermaid,19
rubbing,19
rubbish,19
rube,19
rubs,19
ruckus,19
rudely,19
rudimentary,19
ruido,19
ruidoso,19
ruin,19
ruined,19
ruins,19
rule,19
rumbling,19
runaround,19
rung,19
runningalexa,19
runway,19
rural,19
rush,19
rushed,19
russell,19
rusting,4
rusts,19
rusty,19
rvers,19
sacrifice,19
sacrificed,19
sad,19
sadly,3
safe,1
safer,19
sag,19
sagging,19
sags,19
sailing,19
sake,19
sales,19
salesman,19
salethe,19
salmon,19
salsa,19
samantha,19
sample,19
samples,19
sams,19
sandwich,19
sane,19
sanitary,19
sanitize,19
sanitized,19
santa,19
sara,19
sarcastically,19
satisfactorily,19
satisfied,1
satisfying,19
sattler,19
sauce,1
saucer,19
sauna,19
sausage,19
saver,1
savers,19
saves,4
saving,1
scald,19
scalding,19
scale,19
scan,19
scares,19
scary,9
scenario,19
scents,19
sceptical,19
schedule,19
scheduled,19
schedules,19
scheme,1
schmantsy,19
scone,19
scones,19
scoop,19
scoots,19
scorch,19
scorched,19
score,19
scores,19
scotch,19
scour,19
scrambled,19
scrap,19
scraped,19
scrapped,19
scraps,19
scratched,2
scratching,19
screaching,19
scream,19
screamed,19
screaming,19
screech,19
screeching,19
screens,19
screwdriver,19
screwed,19
scrimping,19
scrolling,19
scrounge,19
scrunched,19
scuffed,19
scurrying,19
seaboard,19
seamlessly,19
searched,19
searches,19
searching,1
searchingi,19
seared,19
seasoned,19
seasoning,19
seated,19
seattle,19
secret,19
sections,19
securing,19
seeds,19
seek,19
seeking,19
seeming,19
seeping,19
sees,19
segment,19
segundo,19
seitan,19
seizures,19
seldom,19
selector,19
sell,1
sells,19
semana,19
semiannual,19
send,3
sender,19
sensible,19
sensing,19
sensitivity,19
sensory,19
sentence,19
sep,19
separated,19
separately,19
sept,19
september,1
sequence,19
sequences,19
serval,19
server,19
service,1
serviced,19
services,19
servicing,19
servings,19
setback,19
setter,19
settingmay,19
settling,19
setups,19
sety,19
seventeen,19
seventh,19
sever,19
severely,19
severity,19
sewing,19
shabazz,19
shabby,19
shabd,19
shaded,19
shake,19
shakes,19
shaky,19
shall,19
shame,2
shamed,19
shares,19
sharing,19
sharpe,19
shattering,19
shave,19
shed,19
shedding,19
sheen,19
sheer,19
sheesh,19
sheeting,19
sheik,19
shelf,1
shelled,19
shelter,19
shelve,19
shemar,19
shielding,19
shift,19
shifted,19
shifts,1
shimmed,19
shimming,19
shims,19
shines,19
ship,2
shocker,19
shockingly,19
shoddy,19
shoes,19
shoot,2
shooting,19
shoots,19
shopper,19
shortage,19
shortcut,19
shortcuts,19
shorten,19
shortfalls,19
shorting,1
shortly,19
shortnbof,19
shorts,19
shortsighted,19
shot,6
shots,19
shout,19
shoved,19
shred,19
shrieky,19
shrill,19
shrimp,19
shriveled,19
shrug,19
shrugged,19
shuting,19
shuts,5
shy,19
sick,19
sided,19
sidewalk,19
siento,19
sift,19
sigh,19
signaling,19
signals,19
signature,19
sigoth,19
siht,19
silenced,19
silencer,19
silences,19
silencing,19
silenciosa,19
silencioso,19
silicon,19
silient,19
simmer,19
simpler,19
simplicity,19
simplifies,19
simpson,19
simthereens,19
simulate,19
simultaneously,19
sincere,19
singles,19
sink,19
sip,19
siracha,19
sister,1
sisters,19
site,19
situated,19
sixteen,19
sizable,19
sizeable,19
sizecons,19
sized,2
sizes,19
sizing,19
sizzle,19
sizzled,19
sketchy,19
skewed,19
skid,19
skiing,19
skinned,19
skip,1
skipping,19
sku,19
skull,19
sky,19
slacked,19
slammed,19
slap,19
slaps,19
sleek,1
sleep,19
sleeper,19
sleepy,19
sleeves,19
slept,19
slices,19
slicethis,19
slid,19
sliddy,19
sliders,19
slighly,19
slightly,1
slim,19
slimy,19
slipped,19
slips,1
slop,19
slope,19
slopes,19
sloppy,19
sloshing,19
slots,19
slotted,19
slouch,19
slough,19
slowed,19
slowing,19
sluggish,19
slurping,19
sm,19
smallest,19
smallish,19
smartest,19
smartlife,1
smashed,1
smears,19
smell,1
smellded,19
smelled,2
smellimg,19
smelling,19
smells,5
smelt,19
smh,19
smile,19
smithereens,19
smoke,2
smokecame,19
smoked,19
smokes,19
smoking,11
smolder,19
smoothed,19
smoother,19
smudge,19
snags,19
snappy,19
snaps,19
snazzy,19
snd,19
sneaking,19
sniffing,19
soak,19
soaked,19
sobre,19
society,19
soend,19
sogginess,19
solder,19
soldered,19
soldier,19
sole,19
solely,19
solidly,19
solutions,19
somebody,19
someitmes,19
someoneelse,19
someplace,19
somethimg,19
somin,19
soooooo,19
sopping,19
sorry,1
sorta,19
sorted,19
sorting,19
sorts,19
soul,19
souls,19
soundproof,19
soups,19
sources,19
southern,19
space,1
spacemaker,19
spacer,19
spacey,19
spaceyet,19
spacious,1
spaghetti,1
sparingly,19
spark,1
sparkels,19
sparking,3
sparkling,19
sparkly,19
sparks,12
sparse,19
spattering,19
speakers,19
speaks,19
specialist,19
specially,19
specification,19
specified,19
specks,19
spectacularsomehow,19
speedbump,19
speedy,19
speghetti,19
spelled,19
spelling,19
spends,19
spice,19
spiced,19
spices,19
spicy,19
spilling,19
spin,1
spinach,19
spiner,19
spinner,19
splash,19
splashed,19
splatter,3
splendidly,19
splurge,19
spoilage,19
spoiled,19
spoken,19
spokes,19
spongy,19
spontaneous,19
spontaneously,19
spooky,19
spotsthis,19
spousal,19
spouse,1
spray,19
spraying,19
spread,19
spreading,19
spritz,19
spt,19
spun,19
sputtered,19
sputtering,19
spyware,19
sqeaking,19
squared,19
squarely,19
squeak,19
squeaks,19
squeaky,19
squealing,19
squeals,19
squeeze,19
squeezing,19
squint,19
ss,19
sssooo,19
stability,19
stabilizer,19
stabilizing,19
stable,1
stacked,19
stadard,19
stain,19
stained,19
stainless,1
stalling,19
stamped,19
standalone,19
standards,19
standby,19
standout,19
standpoint,19
starbucks,19
starbursts,19
starch,19
staring,19
starred,19
started,1
starters,19
startingugh,19
startle,19
startled,19
startling,19
statement,19
statements,19
statesoverall,19
static,19
stationary,19
stations,19
stats,19
status,19
stayed,3
steadily,19
steaks,19
steal,19
stealing,19
steamed,19
steamer,19
steel,1
steelall,19
steer,19
stellar,19
stem,19
stench,19
sterilizer,19
sternal,19
sticked,19
stickers,19
stickiness,19
sticks,2
sticky,1
stiffer,19
stiffness,19
stimulas,19
stimulates,19
stimulating,19
stingy,19
stink,19
stinking,19
stinks,19
stint,19
stips,19
stirred,19
stocking,19
stole,19
stomach,19
stonewalled,19
stooped,19
stoped,19
stopped,2
stopping,3
stories,19
storm,19
storms,19
stoves,19
stovetop,19
straightaway,19
straighten,19
straightened,19
strangely,19
strapped,19
straw,19
stray,19
streaks,19
streaky,19
stream,19
streaming,19
streamlined,19
strength,19
strictly,19
striking,19
stripes,19
strobe,19
strobes,19
stronger,19
strongest,19
strongly,1
struck,19
stryofoam,19
studied,19
studios,19
stuffed,19
stumbled,19
stunned,19
stunning,19
stupendous,19
stupidest,19
stupidity,19
stupidly,19
sturdier,19
sturdiness,19
stutters,19
stylus,19
styx,19
su,19
subjected,19
submission,19
submit,6
submits,19
submitted,19
substance,19
substandard,19
substitute,19
substituted,19
substract,19
subtract,19
subtracting,19
succeed,19
successful,19
successfully,1
suck,19
suckcons,19
sucker,19
sucks,1
sudden,1
suddenly,1
sue,19
sued,19
sufficed,19
sugar,19
suggestedthat,19
suggesting,19
suitable,1
suited,19
suits,19
sulking,19
summary,19
summertime,19
sums,19
sun,19
sunk,19
sunlight,19
sunroom,19
supervisors,19
supervisory,19
supper,19
supplies,19
support,5
supported,19
supporting,19
supports,19
supuesto,19
surely,19
surging,19
surpassed,19
surprises,19
surprising,19
surprisingly,1
surround,19
surrounds,19
survived,19
suspicions,19
sw,19
swap,19
sway,19
swayed,19
swear,19
swearing,19
sweat,19
sweating,19
sweats,19
sweet,1
swelter,19
swinging,19
swipe,19
swiss,19
sygnal,19
sylvania,19
symbol,19
sympathetic,19
sync,19
synced,19
synchronized,19
syncs,19
syndrome,19
syrup,19
systemic,19
systems,19
tablespoons,19
tablet,19
tabletop,19
tackle,19
tacky,19
tacos,19
tactic,19
tad,19
tag,19
tahat,19
takesmany,19
takumi,19
tale,19
talks,19
tambien,19
tampa,19
tamper,19
tank,19
tap,19
tapes,19
tappen,19
tapping,19
tardis,19
tasted,19
tastes,19
tasty,19
tater,19
tbe,19
tbh,19
teach,19
teacher,19
teachers,19
teaching,19
technique,19
technolgy,19
technology,2
technologydoor,19
techs,19
techy,19
tedious,19
teen,19
teenager,19
teensy,19
teh,19
telephone,1
temperamental,19
temperate,19
tempered,19
template,19
templates,19
temple,19
temporarily,19
temprature,19
tempting,19
tenant,19
tender,19
tending,19
tenga,19
tenido,19
tension,19
tenth,19
tenuous,19
tepid,19
terminated,19
terminates,19
terminating,19
terms,1
terriable,19
terrible,7
terrier,19
terrified,19
terror,19
terrorist,19
testingbtw,19
tettible,19
textured,19
th,19
tha,19
thanking,19
thatfits,19
thatthe,19
thawing,1
thay,19
thd,19
theatrical,19
thee,19
thefarberware,19
theirs,19
theme,19
themes,19
themi,19
theory,19
thepanasonic,19
thepost,19
therefor,19
therm,19
thermador,19
thermostat,19
thers,19
thescreen,19
thet,19
thickness,19
thigh,19
thingamajiggy,19
thisi,19
thos,19
thoughtful,19
thoughtfulness,19
thousand,19
thousands,19
thrash,19
threatening,19
threw,2
thrice,19
thrid,19
thrift,19
throttle,19
throu,19
throughly,19
thrown,4
throws,1
tht,19
thud,19
thuds,19
thumb,1
thumbs,19
thump,19
thumping,19
thunk,19
thurs,19
thwerefore,19
ti,19
ticking,19
ticks,19
tidbit,19
tide,19
tidy,19
tied,19
tiempo,19
tiendas,19
tiene,19
tienes,19
tightening,19
tike,19
til,19
tile,19
tilted,1
tilting,19
tilts,19
timesuser,19
timeupdate,19
timings,19
tiniest,19
tinkering,19
tinted,19
tip,3
tipping,19
titanic,19
toasted,19
toasters,19
toasts,19
toastwave,19
today,1
todaythanks,19
todd,19
toddlers,19
tofu,19
togethers,19
told,1
tolerable,19
tolerate,19
tolerated,19
toll,19
tome,19
tomorrow,19
tone,1
toned,19
tongs,19
tongue,19
tonight,19
toolbox,19
toothbrush,19
topic,19
topple,19
tops,1
tore,19
tornado,19
tortilla,19
tortillas,19
torture,19
toshba,19
toshibas,4
toshibe,19
tossed,19
tossing,19
totalmente,19
tots,19
totsl,19
toubleshooting,19
touchscreen,19
touchy,19
tournament,19
touse,19
touted,19
touts,19
town,2
toxic,19
trabaja,19
trabajando,19
traced,19
traces,19
tracking,19
traction,19
tradeoff,19
trader,19
trading,19
traditional,19
traditionally,19
traductor,19
traffic,19
train,19
transaction,19
transferred,19
transfers,19
transformed,19
transformers,19
transitioned,19
translate,19
translated,19
transporting,19
trap,19
trash,4
trashing,19
traumatic,19
treated,19
treating,19
treatment,19
treatments,19
tree,19
tremendous,19
trending,19
trendy,19
trepidation,19
trepidatious,19
trhan,19
trial,19
trials,19
trick,6
tricks,19
tricky,3
trifle,19
trigger,19
triggers,19
trillion,19
triple,19
tripped,1
trivial,19
trivit,19
trolley,19
troubles,19
troubleshooting,3
troubleshoots,19
troubling,19
troublshooting,19
trough,19
trucker,19
truned,19
trustworthy,19
trusty,19
tryed,19
trys,19
tu,19
tucked,19
tucker,19
tucks,19
tumbled,19
tumbler,19
tumbling,19
tuned,19
tuning,19
tunnel,19
tupperware,19
turbines,19
turbo,2
turing,19
turkey,2
turkeys,19
turnable,19
turnablemicrowaves,19
turnaround,19
turner,19
turnes,19
turnstile,19
turnstyle,19
turntables,19
tutorial,19
tweaked,19
tweaks,19
twilight,19
twin,19
twine,19
twirl,19
twists,19
twitter,19
twofold,19
ty,19
tyhat,19
typed,19
types,1
typing,19
typos,19
tz,19
ubiquitous,19
uh,19
uhhhh,19
ui,1
uina,19
ul,19
ultimate,19
ultimately,1
umm,19
ummm,19
una,19
unacceptable,19
unanswered,19
unapologetically,19
unappreciated,19
unattractive,19
unavailable,19
unaware,19
unbalanced,19
unbearable,19
unbeatable,19
unbeknownst,19
unbelievable,19
unbelievably,19
unbox,19
unboxing,19
unceremoniously,19
uncertainty,19
uncle,19
unclear,19
uncomfortable,19
uncomplicated,19
unconventional,19
uncooperative,19
uncovered,19
undeliverable,19
undercabinet,19
undercoked,19
undercontract,19
undercooking,19
underheat,19
underserved,19
underside,19
understandable,19
understatement,19
underwhelmed,19
underwhelming,19
undesired,19
undetermined,19
undies,19
undone,19
undoubtedly,19
uneasy,19
unevenly,3
unexpectedly,19
unfamiliar,19
unfortuantely,19
unfortuately,19
unfulfilled,19
unhappy,7
unheated,19
unhooked,19
uniform,19
uniformity,19
unimportant,19
unimpressive,19
uninstalled,19
uninstalling,19
unintuitive,19
unique,19
united,19
unity,19
universal,19
university,19
unknown,19
unlamented,19
unlatch,19
unlighted,19
unlike,1
unlikely,19
unload,19
unlock,19
unmatched,19
unmirrored,19
unmolested,19
unmoved,19
unnatural,19
unnecessarily,19
unnerving,19
unobtrusive,19
unopened,19
unpackaged,19
unpackageing,19
unplug,10
unpluged,19
unplugged,5
unplugging,2
unpluggings,19
unpoped,19
unpredictable,19
unpredictably,19
unreachable,19
unreal,19
unreasonably,19
unreliable,19
unreliably,19
unremoveable,19
unresponsive,19
unsafe,1
unsanitary,19
unseat,19
unseeable,19
unsettling,19
unstable,19
unsuccessful,19
unsupervised,19
unsure,19
unsympathetic,19
unto,19
unusable,1
unusually,19
unwieldy,19
unwilling,19
unwrapping,19
updateafter,19
updatehave,19
upfront,19
upgrades,19
upgrading,19
upheld,19
uphill,19
upholstered,19
uploaded,19
upping,19
ups,1
upsafter,19
upset,19
upstairs,19
urge,19
urine,19
usability,19
usado,19
usand,19
usarlo,19
usb,19
useeasy,19
usefel,19
usefull,19
useit,19
useles,19
useless,1
uselessly,19
useyes,19
usigoing,19
usless,19
uso,19
uss,19
usuals,19
usuario,19
usuefull,19
ut,19
utility,19
utilizes,19
utter,19
ux,19
v,19
va,19
vac,19
vacillates,19
vacuum,19
value,2
valued,19
values,19
vampire,19
van,19
variety,6
veces,19
veerrrry,19
veg,19
vege,19
vehicle,19
vendedor,19
veneer,19
ventilate,19
venty,19
ver,19
verb,19
verbal,19
verbiage,19
verge,19
verified,19
verrrrrrrrrrrrrrrry,19
verrrrry,19
versatility,19
verses,19
versioning,19
versions,19
versitale,19
vertical,19
verticle,19
vessel,19
vessels,19
vetter,19
via,1
vibrated,19
vibrates,19
vibrating,19
vibration,19
vibrations,19
vice,19
vicinity,19
victim,19
victims,19
vid,19
viewed,19
views,19
village,19
vinegar,1
vintage,19
vinyl,19
violently,19
virtually,19
virusdo,19
visions,19
visualize,19
vital,19
vnl,19
voices,19
void,19
volkswagen,19
volt,19
volts,19
volvo,19
voucher,19
vulnerable,19
wa,19
waaayyy,19
wabbling,19
wad,19
waffle,19
wailing,19
waist,19
waitng,19
waits,19
wakes,19
waking,19
wallet,19
walrus,19
wanky,19
wanna,19
wanting,1
warmer,1
warmth,19
warmup,19
warmups,19
warn,1
warned,1
warner,19
warns,19
warps,19
warranted,19
warrantee,19
warrantees,19
warranty,3
warrantybut,19
warrarnty,19
warvimckinleyville,19
wary,19
washable,19
washcloth,19
washed,19
washing,19
washington,19
waste,12
wasted,19
wastes,19
wat,19
watches,19
wats,19
watter,19
wattsof,19
waver,19
wavering,19
wavy,19
wax,19
waxy,19
wayyy,19
wbere,19
weakest,19
weary,19
weather,19
website,4
wedding,19
wedged,19
wednesday,19
weigh,19
weighed,19
weighing,19
weights,19
weirded,19
weirdest,19
welcome,19
welded,19
welding,19
welll,19
werenot,19
werr,19
westinghouse,19
wet,3
wetter,19
whatevs,19
wheat,19
wheels,2
wherever,19
whichever,19
whilst,19
whim,19
whimpy,19
whims,19
whipping,19
whirl,19
whirring,19
whirs,19
whisper,19
whisps,19
whistles,4
whistling,19
whitefarberware,19
whiter,19
wholly,19
whoooo,19
whoops,19
whose,1
wicrowave,19
widely,19
wider,19
widowed,19
widower,19
widths,19
wiggles,19
wiggling,19
wiggly,19
wild,19
wildly,19
willingness,19
willy,19
wind,1
winding,19
window,1
windows,1
winds,19
wine,19
winning,19
winters,19
wipes,19
wiping,19
wires,19
wise,3
wiser,19
wita,19
witch,19
wither,19
withholding,19
within,1
withoput,19
withoutoriginal,19
withstand,19
witht,19
wives,19
wks,19
wobbily,19
wobble,19
wobbled,19
wobbling,19
women,19
wonderful,1
wonderfully,4
wonders,19
wonerful,19
wooden,19
woohoo,19
wording,19
words,19
wore,1
worka,19
workable,19
workds,19
worker,19
workers,19
workhorse,19
workingi,19
workmanship,19
workmore,19
workout,19
workpopcorn,19
workscons,19
worksupdate,19
worksyes,19
worrisome,19
worrying,19
worse,1
worsens,19
worst,4
worthwhile,19
worthy,19
wouldturn,19
wound,19
wowed,19
wrangling,19
wrapper,19
wrapping,19
wrath,19
wrecked,19
wrestled,19
wrinkle,19
wroth,19
ws,19
wt,19
wtf,19
wuth,19
wuv,19
xtra,19
xx,19
xxx,19
y,2
yall,19
yank,19
yanking,19
yard,19
yay,19
yea,19
yearsit,19
yeats,19
yellow,1
yellowed,19
yesterday,1
yielded,19
yields,19
yike,19
ymmv,19
york,19
yours,19
yourselves,19
yuck,19
yucked,19
yucky,19
yum,19
yummy,19
yup,19
z,19
zapper,19
zapping,19
zebra,19
zillion,19
zone,1
zones,19
zoom,19
zzzzzzzzread,19
